     shots,    errors,  discards, seconds,decoder,strong_id,json_metadata,custom_counts
       100,         4,         0,    1.02,pymatching_owd_d9_r1,45cb700f57bc0daf825e5e915a77a30ecec47f701ed2ce51a38db549882463e8,"{""d"":9,""decodings"":1,""p"":0.006}",
       100,        12,         0,    1.01,pymatching_owd_d9_r1,2c8dd2580067b8087dec49bd977d23f2ef4ef5f728a912e7c46db9cb8ed854ba,"{""d"":9,""decodings"":1,""p"":0.006817316198804999}",
       200,         9,         0,    1.03,pymatching_owd_d9_r1,45cb700f57bc0daf825e5e915a77a30ecec47f701ed2ce51a38db549882463e8,"{""d"":9,""decodings"":1,""p"":0.006}",
       200,         8,         0,    1.03,pymatching_owd_d9_r1,45cb700f57bc0daf825e5e915a77a30ecec47f701ed2ce51a38db549882463e8,"{""d"":9,""decodings"":1,""p"":0.006}",
       600,        23,         0,    1.17,pymatching_owd_d9_r1,45cb700f57bc0daf825e5e915a77a30ecec47f701ed2ce51a38db549882463e8,"{""d"":9,""decodings"":1,""p"":0.006}",
      1000,        38,         0,    1.28,pymatching_owd_d9_r1,45cb700f57bc0daf825e5e915a77a30ecec47f701ed2ce51a38db549882463e8,"{""d"":9,""decodings"":1,""p"":0.006}",
       100,         6,         0,    3.56,pymatching_owd_d13_r1,94a5a778ee9f25ff95069c2e68d622e29dbf3940e23523b8a21c5c7edf980068,"{""d"":13,""decodings"":1,""p"":0.006817316198804999}",
       100,         4,         0,    3.58,pymatching_owd_d13_r1,d6ca0b41c5071c7db6a2edd1e70dc47df3d5d742cc531de872dee76a41771d6e,"{""d"":13,""decodings"":1,""p"":0.006}",
      2200,        79,         0,    1.55,pymatching_owd_d9_r1,45cb700f57bc0daf825e5e915a77a30ecec47f701ed2ce51a38db549882463e8,"{""d"":9,""decodings"":1,""p"":0.006}",
      4200,       163,         0,    2.07,pymatching_owd_d9_r1,45cb700f57bc0daf825e5e915a77a30ecec47f701ed2ce51a38db549882463e8,"{""d"":9,""decodings"":1,""p"":0.006}",
      4100,       178,         0,    2.05,pymatching_owd_d9_r1,45cb700f57bc0daf825e5e915a77a30ecec47f701ed2ce51a38db549882463e8,"{""d"":9,""decodings"":1,""p"":0.006}",
       200,        12,         0,    3.53,pymatching_owd_d13_r1,d6ca0b41c5071c7db6a2edd1e70dc47df3d5d742cc531de872dee76a41771d6e,"{""d"":13,""decodings"":1,""p"":0.006}",
      6064,       281,         0,    2.51,pymatching_owd_d9_r1,45cb700f57bc0daf825e5e915a77a30ecec47f701ed2ce51a38db549882463e8,"{""d"":9,""decodings"":1,""p"":0.006}",
       100,         2,         0,    8.48,pymatching_owd_d17_r1,c39b5b7eb418160e78092b51b49a9d51c1752980b7173a5de0cf8f408dc90420,"{""d"":17,""decodings"":1,""p"":0.006}",
       100,         6,         0,    8.64,pymatching_owd_d17_r1,fc635528778446516e505418f0990ecd03fd128612fcb38abe82a658098e2174,"{""d"":17,""decodings"":1,""p"":0.006817316198804999}",
       200,         8,         0,    3.64,pymatching_owd_d13_r1,d6ca0b41c5071c7db6a2edd1e70dc47df3d5d742cc531de872dee76a41771d6e,"{""d"":13,""decodings"":1,""p"":0.006}",
       100,         3,         0,    3.45,pymatching_owd_d13_r1,d6ca0b41c5071c7db6a2edd1e70dc47df3d5d742cc531de872dee76a41771d6e,"{""d"":13,""decodings"":1,""p"":0.006}",
       600,        23,         0,    4.07,pymatching_owd_d13_r1,d6ca0b41c5071c7db6a2edd1e70dc47df3d5d742cc531de872dee76a41771d6e,"{""d"":13,""decodings"":1,""p"":0.006}",
       600,        15,         0,    4.15,pymatching_owd_d13_r1,d6ca0b41c5071c7db6a2edd1e70dc47df3d5d742cc531de872dee76a41771d6e,"{""d"":13,""decodings"":1,""p"":0.006}",
       800,        23,         0,    4.24,pymatching_owd_d13_r1,d6ca0b41c5071c7db6a2edd1e70dc47df3d5d742cc531de872dee76a41771d6e,"{""d"":13,""decodings"":1,""p"":0.006}",
      1000,        43,         0,    4.41,pymatching_owd_d13_r1,d6ca0b41c5071c7db6a2edd1e70dc47df3d5d742cc531de872dee76a41771d6e,"{""d"":13,""decodings"":1,""p"":0.006}",
      2400,        81,         0,    5.90,pymatching_owd_d13_r1,d6ca0b41c5071c7db6a2edd1e70dc47df3d5d742cc531de872dee76a41771d6e,"{""d"":13,""decodings"":1,""p"":0.006}",
       200,         2,         0,    9.67,pymatching_owd_d17_r1,c39b5b7eb418160e78092b51b49a9d51c1752980b7173a5de0cf8f408dc90420,"{""d"":17,""decodings"":1,""p"":0.006}",
       200,         6,         0,    9.84,pymatching_owd_d17_r1,c39b5b7eb418160e78092b51b49a9d51c1752980b7173a5de0cf8f408dc90420,"{""d"":17,""decodings"":1,""p"":0.006}",
      3600,       115,         0,    7.50,pymatching_owd_d13_r1,d6ca0b41c5071c7db6a2edd1e70dc47df3d5d742cc531de872dee76a41771d6e,"{""d"":13,""decodings"":1,""p"":0.006}",
      4378,       140,         0,    8.41,pymatching_owd_d13_r1,d6ca0b41c5071c7db6a2edd1e70dc47df3d5d742cc531de872dee76a41771d6e,"{""d"":13,""decodings"":1,""p"":0.006}",
       628,        24,         0,    4.88,pymatching_owd_d13_r1,d6ca0b41c5071c7db6a2edd1e70dc47df3d5d742cc531de872dee76a41771d6e,"{""d"":13,""decodings"":1,""p"":0.006}",
      5200,       183,         0,    9.07,pymatching_owd_d13_r1,d6ca0b41c5071c7db6a2edd1e70dc47df3d5d742cc531de872dee76a41771d6e,"{""d"":13,""decodings"":1,""p"":0.006}",
       771,        24,         0,    4.25,pymatching_owd_d13_r1,d6ca0b41c5071c7db6a2edd1e70dc47df3d5d742cc531de872dee76a41771d6e,"{""d"":13,""decodings"":1,""p"":0.006}",
       200,        12,         0,    1.02,pymatching_owd_d9_r1,2c8dd2580067b8087dec49bd977d23f2ef4ef5f728a912e7c46db9cb8ed854ba,"{""d"":9,""decodings"":1,""p"":0.006817316198804999}",
       200,        17,         0,    1.03,pymatching_owd_d9_r1,2c8dd2580067b8087dec49bd977d23f2ef4ef5f728a912e7c46db9cb8ed854ba,"{""d"":9,""decodings"":1,""p"":0.006817316198804999}",
       600,        44,         0,    1.16,pymatching_owd_d9_r1,2c8dd2580067b8087dec49bd977d23f2ef4ef5f728a912e7c46db9cb8ed854ba,"{""d"":9,""decodings"":1,""p"":0.006817316198804999}",
      1000,        76,         0,    1.28,pymatching_owd_d9_r1,2c8dd2580067b8087dec49bd977d23f2ef4ef5f728a912e7c46db9cb8ed854ba,"{""d"":9,""decodings"":1,""p"":0.006817316198804999}",
       421,        16,         0,    3.79,pymatching_owd_d13_r1,d6ca0b41c5071c7db6a2edd1e70dc47df3d5d742cc531de872dee76a41771d6e,"{""d"":13,""decodings"":1,""p"":0.006}",
      2200,       180,         0,    1.60,pymatching_owd_d9_r1,2c8dd2580067b8087dec49bd977d23f2ef4ef5f728a912e7c46db9cb8ed854ba,"{""d"":9,""decodings"":1,""p"":0.006817316198804999}",
       617,        51,         0,    1.19,pymatching_owd_d9_r1,2c8dd2580067b8087dec49bd977d23f2ef4ef5f728a912e7c46db9cb8ed854ba,"{""d"":9,""decodings"":1,""p"":0.006817316198804999}",
      4200,       307,         0,    2.24,pymatching_owd_d9_r1,2c8dd2580067b8087dec49bd977d23f2ef4ef5f728a912e7c46db9cb8ed854ba,"{""d"":9,""decodings"":1,""p"":0.006817316198804999}",
       600,        13,         0,    9.68,pymatching_owd_d17_r1,c39b5b7eb418160e78092b51b49a9d51c1752980b7173a5de0cf8f408dc90420,"{""d"":17,""decodings"":1,""p"":0.006}",
        40,         5,         0,   0.997,pymatching_owd_d9_r1,2c8dd2580067b8087dec49bd977d23f2ef4ef5f728a912e7c46db9cb8ed854ba,"{""d"":9,""decodings"":1,""p"":0.006817316198804999}",
      1000,        19,         0,    10.6,pymatching_owd_d17_r1,c39b5b7eb418160e78092b51b49a9d51c1752980b7173a5de0cf8f408dc90420,"{""d"":17,""decodings"":1,""p"":0.006}",
       200,        14,         0,    3.66,pymatching_owd_d13_r1,94a5a778ee9f25ff95069c2e68d622e29dbf3940e23523b8a21c5c7edf980068,"{""d"":13,""decodings"":1,""p"":0.006817316198804999}",
       200,        17,         0,    3.56,pymatching_owd_d13_r1,94a5a778ee9f25ff95069c2e68d622e29dbf3940e23523b8a21c5c7edf980068,"{""d"":13,""decodings"":1,""p"":0.006817316198804999}",
       900,        30,         0,    10.0,pymatching_owd_d17_r1,c39b5b7eb418160e78092b51b49a9d51c1752980b7173a5de0cf8f408dc90420,"{""d"":17,""decodings"":1,""p"":0.006}",
      1000,        75,         0,    4.73,pymatching_owd_d13_r1,94a5a778ee9f25ff95069c2e68d622e29dbf3940e23523b8a21c5c7edf980068,"{""d"":13,""decodings"":1,""p"":0.006817316198804999}",
      1400,        43,         0,    12.9,pymatching_owd_d17_r1,c39b5b7eb418160e78092b51b49a9d51c1752980b7173a5de0cf8f408dc90420,"{""d"":17,""decodings"":1,""p"":0.006}",
      2200,        57,         0,    14.4,pymatching_owd_d17_r1,c39b5b7eb418160e78092b51b49a9d51c1752980b7173a5de0cf8f408dc90420,"{""d"":17,""decodings"":1,""p"":0.006}",
      3000,       226,         0,    7.60,pymatching_owd_d13_r1,94a5a778ee9f25ff95069c2e68d622e29dbf3940e23523b8a21c5c7edf980068,"{""d"":13,""decodings"":1,""p"":0.006817316198804999}",
      1800,        46,         0,    13.9,pymatching_owd_d17_r1,c39b5b7eb418160e78092b51b49a9d51c1752980b7173a5de0cf8f408dc90420,"{""d"":17,""decodings"":1,""p"":0.006}",
      4200,       102,         0,    19.6,pymatching_owd_d17_r1,c39b5b7eb418160e78092b51b49a9d51c1752980b7173a5de0cf8f408dc90420,"{""d"":17,""decodings"":1,""p"":0.006}",
      4833,       385,         0,    9.12,pymatching_owd_d13_r1,94a5a778ee9f25ff95069c2e68d622e29dbf3940e23523b8a21c5c7edf980068,"{""d"":13,""decodings"":1,""p"":0.006817316198804999}",
       144,         2,         0,    9.13,pymatching_owd_d17_r1,c39b5b7eb418160e78092b51b49a9d51c1752980b7173a5de0cf8f408dc90420,"{""d"":17,""decodings"":1,""p"":0.006}",
      5400,       135,         0,    22.6,pymatching_owd_d17_r1,c39b5b7eb418160e78092b51b49a9d51c1752980b7173a5de0cf8f408dc90420,"{""d"":17,""decodings"":1,""p"":0.006}",
      1403,        43,         0,    12.3,pymatching_owd_d17_r1,c39b5b7eb418160e78092b51b49a9d51c1752980b7173a5de0cf8f408dc90420,"{""d"":17,""decodings"":1,""p"":0.006}",
       629,        18,         0,    10.8,pymatching_owd_d17_r1,c39b5b7eb418160e78092b51b49a9d51c1752980b7173a5de0cf8f408dc90420,"{""d"":17,""decodings"":1,""p"":0.006}",
       200,        14,         0,    9.98,pymatching_owd_d17_r1,fc635528778446516e505418f0990ecd03fd128612fcb38abe82a658098e2174,"{""d"":17,""decodings"":1,""p"":0.006817316198804999}",
       143,         4,         0,    9.83,pymatching_owd_d17_r1,c39b5b7eb418160e78092b51b49a9d51c1752980b7173a5de0cf8f408dc90420,"{""d"":17,""decodings"":1,""p"":0.006}",
       112,         0,         0,    10.7,pymatching_owd_d17_r1,c39b5b7eb418160e78092b51b49a9d51c1752980b7173a5de0cf8f408dc90420,"{""d"":17,""decodings"":1,""p"":0.006}",
       200,        16,         0,    10.9,pymatching_owd_d17_r1,fc635528778446516e505418f0990ecd03fd128612fcb38abe82a658098e2174,"{""d"":17,""decodings"":1,""p"":0.006817316198804999}",
       100,        12,         0,    1.30,pymatching_owd_d9_r1,4f96f4315973cab7da62658182207053cc4a2f7dbfe025ada046afcec07aedaa,"{""d"":9,""decodings"":1,""p"":0.0077459666924148355}",
      7420,       185,         0,    28.0,pymatching_owd_d17_r1,c39b5b7eb418160e78092b51b49a9d51c1752980b7173a5de0cf8f408dc90420,"{""d"":17,""decodings"":1,""p"":0.006}",
       100,        10,         0,    10.8,pymatching_owd_d17_r1,fc635528778446516e505418f0990ecd03fd128612fcb38abe82a658098e2174,"{""d"":17,""decodings"":1,""p"":0.006817316198804999}",
       200,        26,         0,    1.20,pymatching_owd_d9_r1,4f96f4315973cab7da62658182207053cc4a2f7dbfe025ada046afcec07aedaa,"{""d"":9,""decodings"":1,""p"":0.0077459666924148355}",
       600,        81,         0,    1.20,pymatching_owd_d9_r1,4f96f4315973cab7da62658182207053cc4a2f7dbfe025ada046afcec07aedaa,"{""d"":9,""decodings"":1,""p"":0.0077459666924148355}",
       600,        42,         0,    11.5,pymatching_owd_d17_r1,fc635528778446516e505418f0990ecd03fd128612fcb38abe82a658098e2174,"{""d"":17,""decodings"":1,""p"":0.006817316198804999}",
      1800,       219,         0,    1.75,pymatching_owd_d9_r1,4f96f4315973cab7da62658182207053cc4a2f7dbfe025ada046afcec07aedaa,"{""d"":9,""decodings"":1,""p"":0.0077459666924148355}",
       600,        60,         0,    11.3,pymatching_owd_d17_r1,fc635528778446516e505418f0990ecd03fd128612fcb38abe82a658098e2174,"{""d"":17,""decodings"":1,""p"":0.006817316198804999}",
       200,        14,         0,    9.58,pymatching_owd_d17_r1,fc635528778446516e505418f0990ecd03fd128612fcb38abe82a658098e2174,"{""d"":17,""decodings"":1,""p"":0.006817316198804999}",
      1000,        71,         0,    11.8,pymatching_owd_d17_r1,fc635528778446516e505418f0990ecd03fd128612fcb38abe82a658098e2174,"{""d"":17,""decodings"":1,""p"":0.006817316198804999}",
       600,        43,         0,    10.4,pymatching_owd_d17_r1,fc635528778446516e505418f0990ecd03fd128612fcb38abe82a658098e2174,"{""d"":17,""decodings"":1,""p"":0.006817316198804999}",
       133,         9,         0,    10.0,pymatching_owd_d17_r1,fc635528778446516e505418f0990ecd03fd128612fcb38abe82a658098e2174,"{""d"":17,""decodings"":1,""p"":0.006817316198804999}",
      1200,        71,         0,    13.2,pymatching_owd_d17_r1,fc635528778446516e505418f0990ecd03fd128612fcb38abe82a658098e2174,"{""d"":17,""decodings"":1,""p"":0.006817316198804999}",
      1297,        93,         0,    13.6,pymatching_owd_d17_r1,fc635528778446516e505418f0990ecd03fd128612fcb38abe82a658098e2174,"{""d"":17,""decodings"":1,""p"":0.006817316198804999}",
       385,        28,         0,    10.6,pymatching_owd_d17_r1,fc635528778446516e505418f0990ecd03fd128612fcb38abe82a658098e2174,"{""d"":17,""decodings"":1,""p"":0.006817316198804999}",
      2400,       163,         0,    16.8,pymatching_owd_d17_r1,fc635528778446516e505418f0990ecd03fd128612fcb38abe82a658098e2174,"{""d"":17,""decodings"":1,""p"":0.006817316198804999}",
      2901,       368,         0,    2.39,pymatching_owd_d9_r1,4f96f4315973cab7da62658182207053cc4a2f7dbfe025ada046afcec07aedaa,"{""d"":9,""decodings"":1,""p"":0.0077459666924148355}",
       123,        16,         0,    10.6,pymatching_owd_d17_r1,fc635528778446516e505418f0990ecd03fd128612fcb38abe82a658098e2174,"{""d"":17,""decodings"":1,""p"":0.006817316198804999}",
       100,        13,         0,    4.06,pymatching_owd_d13_r1,5cfb13b4faa97ac5dc3af115baa9b7ace69dac41e587cc16a23ba3211247017a,"{""d"":13,""decodings"":1,""p"":0.0077459666924148355}",
        40,         2,         0,    9.58,pymatching_owd_d17_r1,fc635528778446516e505418f0990ecd03fd128612fcb38abe82a658098e2174,"{""d"":17,""decodings"":1,""p"":0.006817316198804999}",
        19,         3,         0,    9.74,pymatching_owd_d17_r1,fc635528778446516e505418f0990ecd03fd128612fcb38abe82a658098e2174,"{""d"":17,""decodings"":1,""p"":0.006817316198804999}",
       537,        32,         0,    11.3,pymatching_owd_d17_r1,fc635528778446516e505418f0990ecd03fd128612fcb38abe82a658098e2174,"{""d"":17,""decodings"":1,""p"":0.006817316198804999}",
       200,        25,         0,    4.09,pymatching_owd_d13_r1,5cfb13b4faa97ac5dc3af115baa9b7ace69dac41e587cc16a23ba3211247017a,"{""d"":13,""decodings"":1,""p"":0.0077459666924148355}",
       100,        27,         0,    1.00,pymatching_owd_d9_r1,b47faa14a5239587f2a425d7da431ad6076e6ce390b383be432b01915390421d,"{""d"":9,""decodings"":1,""p"":0.008801117367933936}",
       154,        17,         0,    9.71,pymatching_owd_d17_r1,fc635528778446516e505418f0990ecd03fd128612fcb38abe82a658098e2174,"{""d"":17,""decodings"":1,""p"":0.006817316198804999}",
       200,        28,         0,    3.99,pymatching_owd_d13_r1,5cfb13b4faa97ac5dc3af115baa9b7ace69dac41e587cc16a23ba3211247017a,"{""d"":13,""decodings"":1,""p"":0.0077459666924148355}",
       200,        31,         0,    1.07,pymatching_owd_d9_r1,b47faa14a5239587f2a425d7da431ad6076e6ce390b383be432b01915390421d,"{""d"":9,""decodings"":1,""p"":0.008801117367933936}",
       100,        15,         0,    3.53,pymatching_owd_d13_r1,5cfb13b4faa97ac5dc3af115baa9b7ace69dac41e587cc16a23ba3211247017a,"{""d"":13,""decodings"":1,""p"":0.0077459666924148355}",
       100,        19,         0,    9.58,pymatching_owd_d17_r1,45eb5b647f9bbbe9c6560f9d5255d544a32210e6fa454975c5d3521b0de5cc98,"{""d"":17,""decodings"":1,""p"":0.0077459666924148355}",
       600,        90,         0,    4.25,pymatching_owd_d13_r1,5cfb13b4faa97ac5dc3af115baa9b7ace69dac41e587cc16a23ba3211247017a,"{""d"":13,""decodings"":1,""p"":0.0077459666924148355}",
       600,        95,         0,    4.20,pymatching_owd_d13_r1,5cfb13b4faa97ac5dc3af115baa9b7ace69dac41e587cc16a23ba3211247017a,"{""d"":13,""decodings"":1,""p"":0.0077459666924148355}",
       200,        30,         0,    3.63,pymatching_owd_d13_r1,5cfb13b4faa97ac5dc3af115baa9b7ace69dac41e587cc16a23ba3211247017a,"{""d"":13,""decodings"":1,""p"":0.0077459666924148355}",
      1000,       149,         0,    4.82,pymatching_owd_d13_r1,5cfb13b4faa97ac5dc3af115baa9b7ace69dac41e587cc16a23ba3211247017a,"{""d"":13,""decodings"":1,""p"":0.0077459666924148355}",
       600,        92,         0,    4.24,pymatching_owd_d13_r1,5cfb13b4faa97ac5dc3af115baa9b7ace69dac41e587cc16a23ba3211247017a,"{""d"":13,""decodings"":1,""p"":0.0077459666924148355}",
       600,       121,         0,    1.31,pymatching_owd_d9_r1,b47faa14a5239587f2a425d7da431ad6076e6ce390b383be432b01915390421d,"{""d"":9,""decodings"":1,""p"":0.008801117367933936}",
       600,       122,         0,    1.26,pymatching_owd_d9_r1,b47faa14a5239587f2a425d7da431ad6076e6ce390b383be432b01915390421d,"{""d"":9,""decodings"":1,""p"":0.008801117367933936}",
       194,        40,         0,    1.15,pymatching_owd_d9_r1,b47faa14a5239587f2a425d7da431ad6076e6ce390b383be432b01915390421d,"{""d"":9,""decodings"":1,""p"":0.008801117367933936}",
      1800,       376,         0,    1.85,pymatching_owd_d9_r1,b47faa14a5239587f2a425d7da431ad6076e6ce390b383be432b01915390421d,"{""d"":9,""decodings"":1,""p"":0.008801117367933936}",
      1308,       180,         0,    5.17,pymatching_owd_d13_r1,5cfb13b4faa97ac5dc3af115baa9b7ace69dac41e587cc16a23ba3211247017a,"{""d"":13,""decodings"":1,""p"":0.0077459666924148355}",
       100,        29,         0,    1.08,pymatching_owd_d9_r1,157fccef8cfe0c4fdbdeac6031a1b8cbdb5e890312b871a617dd7fecac7dcba0,"{""d"":9,""decodings"":1,""p"":0.01}",
       200,        55,         0,    1.10,pymatching_owd_d9_r1,157fccef8cfe0c4fdbdeac6031a1b8cbdb5e890312b871a617dd7fecac7dcba0,"{""d"":9,""decodings"":1,""p"":0.01}",
       200,        42,         0,    9.36,pymatching_owd_d17_r1,45eb5b647f9bbbe9c6560f9d5255d544a32210e6fa454975c5d3521b0de5cc98,"{""d"":17,""decodings"":1,""p"":0.0077459666924148355}",
       100,        26,         0,    3.75,pymatching_owd_d13_r1,5904e9c05d88b7f3dccaf0a7b501149b1acdc4794f3791020ccd4e5203045f29,"{""d"":13,""decodings"":1,""p"":0.008801117367933936}",
       600,       155,         0,    1.29,pymatching_owd_d9_r1,157fccef8cfe0c4fdbdeac6031a1b8cbdb5e890312b871a617dd7fecac7dcba0,"{""d"":9,""decodings"":1,""p"":0.01}",
       200,        34,         0,    9.24,pymatching_owd_d17_r1,45eb5b647f9bbbe9c6560f9d5255d544a32210e6fa454975c5d3521b0de5cc98,"{""d"":17,""decodings"":1,""p"":0.0077459666924148355}",
       100,        19,         0,    8.83,pymatching_owd_d17_r1,45eb5b647f9bbbe9c6560f9d5255d544a32210e6fa454975c5d3521b0de5cc98,"{""d"":17,""decodings"":1,""p"":0.0077459666924148355}",
       200,        48,         0,    3.76,pymatching_owd_d13_r1,5904e9c05d88b7f3dccaf0a7b501149b1acdc4794f3791020ccd4e5203045f29,"{""d"":13,""decodings"":1,""p"":0.008801117367933936}",
       100,        34,         0,    8.71,pymatching_owd_d17_r1,988eb69cce74bd725aa44787859d57f0f380a0cd7315ce5cc06aa3aef10e5624,"{""d"":17,""decodings"":1,""p"":0.008801117367933936}",
       600,       168,         0,    4.84,pymatching_owd_d13_r1,5904e9c05d88b7f3dccaf0a7b501149b1acdc4794f3791020ccd4e5203045f29,"{""d"":13,""decodings"":1,""p"":0.008801117367933936}",
       600,       110,         0,    10.9,pymatching_owd_d17_r1,45eb5b647f9bbbe9c6560f9d5255d544a32210e6fa454975c5d3521b0de5cc98,"{""d"":17,""decodings"":1,""p"":0.0077459666924148355}",
       600,       159,         0,    5.07,pymatching_owd_d13_r1,5904e9c05d88b7f3dccaf0a7b501149b1acdc4794f3791020ccd4e5203045f29,"{""d"":13,""decodings"":1,""p"":0.008801117367933936}",
       600,       105,         0,    11.0,pymatching_owd_d17_r1,45eb5b647f9bbbe9c6560f9d5255d544a32210e6fa454975c5d3521b0de5cc98,"{""d"":17,""decodings"":1,""p"":0.0077459666924148355}",
      1000,       175,         0,    12.5,pymatching_owd_d17_r1,45eb5b647f9bbbe9c6560f9d5255d544a32210e6fa454975c5d3521b0de5cc98,"{""d"":17,""decodings"":1,""p"":0.0077459666924148355}",
       800,       133,         0,    11.8,pymatching_owd_d17_r1,45eb5b647f9bbbe9c6560f9d5255d544a32210e6fa454975c5d3521b0de5cc98,"{""d"":17,""decodings"":1,""p"":0.0077459666924148355}",
        18,         5,         0,    3.69,pymatching_owd_d13_r1,5904e9c05d88b7f3dccaf0a7b501149b1acdc4794f3791020ccd4e5203045f29,"{""d"":13,""decodings"":1,""p"":0.008801117367933936}",
      1106,       293,         0,    5.50,pymatching_owd_d13_r1,5904e9c05d88b7f3dccaf0a7b501149b1acdc4794f3791020ccd4e5203045f29,"{""d"":13,""decodings"":1,""p"":0.008801117367933936}",
        12,         2,         0,    3.97,pymatching_owd_d13_r1,5904e9c05d88b7f3dccaf0a7b501149b1acdc4794f3791020ccd4e5203045f29,"{""d"":13,""decodings"":1,""p"":0.008801117367933936}",
       152,        22,         0,    10.0,pymatching_owd_d17_r1,45eb5b647f9bbbe9c6560f9d5255d544a32210e6fa454975c5d3521b0de5cc98,"{""d"":17,""decodings"":1,""p"":0.0077459666924148355}",
        84,        15,         0,    9.78,pymatching_owd_d17_r1,45eb5b647f9bbbe9c6560f9d5255d544a32210e6fa454975c5d3521b0de5cc98,"{""d"":17,""decodings"":1,""p"":0.0077459666924148355}",
        63,         6,         0,    10.0,pymatching_owd_d17_r1,45eb5b647f9bbbe9c6560f9d5255d544a32210e6fa454975c5d3521b0de5cc98,"{""d"":17,""decodings"":1,""p"":0.0077459666924148355}",
        68,        15,         0,    10.0,pymatching_owd_d17_r1,45eb5b647f9bbbe9c6560f9d5255d544a32210e6fa454975c5d3521b0de5cc98,"{""d"":17,""decodings"":1,""p"":0.0077459666924148355}",
       200,        76,         0,    10.5,pymatching_owd_d17_r1,988eb69cce74bd725aa44787859d57f0f380a0cd7315ce5cc06aa3aef10e5624,"{""d"":17,""decodings"":1,""p"":0.008801117367933936}",
      1739,       472,         0,    2.00,pymatching_owd_d9_r1,157fccef8cfe0c4fdbdeac6031a1b8cbdb5e890312b871a617dd7fecac7dcba0,"{""d"":9,""decodings"":1,""p"":0.01}",
       200,        60,         0,    10.0,pymatching_owd_d17_r1,988eb69cce74bd725aa44787859d57f0f380a0cd7315ce5cc06aa3aef10e5624,"{""d"":17,""decodings"":1,""p"":0.008801117367933936}",
        30,         6,         0,    8.89,pymatching_owd_d17_r1,45eb5b647f9bbbe9c6560f9d5255d544a32210e6fa454975c5d3521b0de5cc98,"{""d"":17,""decodings"":1,""p"":0.0077459666924148355}",
       100,        33,         0,    9.11,pymatching_owd_d17_r1,988eb69cce74bd725aa44787859d57f0f380a0cd7315ce5cc06aa3aef10e5624,"{""d"":17,""decodings"":1,""p"":0.008801117367933936}",
        28,         3,         0,    8.37,pymatching_owd_d17_r1,45eb5b647f9bbbe9c6560f9d5255d544a32210e6fa454975c5d3521b0de5cc98,"{""d"":17,""decodings"":1,""p"":0.0077459666924148355}",
       100,        41,         0,    3.67,pymatching_owd_d13_r1,a45309e866fe70ddede64070ea7b1dfcb974031428799220c503f4e86ef0e77c,"{""d"":13,""decodings"":1,""p"":0.01}",
       600,       196,         0,    10.9,pymatching_owd_d17_r1,988eb69cce74bd725aa44787859d57f0f380a0cd7315ce5cc06aa3aef10e5624,"{""d"":17,""decodings"":1,""p"":0.008801117367933936}",
       600,       201,         0,    10.5,pymatching_owd_d17_r1,988eb69cce74bd725aa44787859d57f0f380a0cd7315ce5cc06aa3aef10e5624,"{""d"":17,""decodings"":1,""p"":0.008801117367933936}",
       200,        80,         0,    3.86,pymatching_owd_d13_r1,a45309e866fe70ddede64070ea7b1dfcb974031428799220c503f4e86ef0e77c,"{""d"":13,""decodings"":1,""p"":0.01}",
       259,        84,         0,    9.18,pymatching_owd_d17_r1,988eb69cce74bd725aa44787859d57f0f380a0cd7315ce5cc06aa3aef10e5624,"{""d"":17,""decodings"":1,""p"":0.008801117367933936}",
        12,         2,         0,    8.19,pymatching_owd_d17_r1,988eb69cce74bd725aa44787859d57f0f380a0cd7315ce5cc06aa3aef10e5624,"{""d"":17,""decodings"":1,""p"":0.008801117367933936}",
       200,        85,         0,    3.63,pymatching_owd_d13_r1,a45309e866fe70ddede64070ea7b1dfcb974031428799220c503f4e86ef0e77c,"{""d"":13,""decodings"":1,""p"":0.01}",
       100,        36,         0,    8.64,pymatching_owd_d17_r1,0d3ea085ebc583cbbc830305962684cc513fdd6ae7d9e09580335dea702d898d,"{""d"":17,""decodings"":1,""p"":0.01}",
       600,       228,         0,    4.48,pymatching_owd_d13_r1,a45309e866fe70ddede64070ea7b1dfcb974031428799220c503f4e86ef0e77c,"{""d"":13,""decodings"":1,""p"":0.01}",
        39,        13,         0,    8.40,pymatching_owd_d17_r1,988eb69cce74bd725aa44787859d57f0f380a0cd7315ce5cc06aa3aef10e5624,"{""d"":17,""decodings"":1,""p"":0.008801117367933936}",
       601,       224,         0,    4.56,pymatching_owd_d13_r1,a45309e866fe70ddede64070ea7b1dfcb974031428799220c503f4e86ef0e77c,"{""d"":13,""decodings"":1,""p"":0.01}",
        78,        30,         0,    3.83,pymatching_owd_d13_r1,a45309e866fe70ddede64070ea7b1dfcb974031428799220c503f4e86ef0e77c,"{""d"":13,""decodings"":1,""p"":0.01}",
         4,         1,         0,    8.39,pymatching_owd_d17_r1,988eb69cce74bd725aa44787859d57f0f380a0cd7315ce5cc06aa3aef10e5624,"{""d"":17,""decodings"":1,""p"":0.008801117367933936}",
         6,         1,         0,    8.53,pymatching_owd_d17_r1,988eb69cce74bd725aa44787859d57f0f380a0cd7315ce5cc06aa3aef10e5624,"{""d"":17,""decodings"":1,""p"":0.008801117367933936}",
        36,         8,         0,    3.60,pymatching_owd_d13_r1,a45309e866fe70ddede64070ea7b1dfcb974031428799220c503f4e86ef0e77c,"{""d"":13,""decodings"":1,""p"":0.01}",
         1,         0,         0,    3.79,pymatching_owd_d13_r1,a45309e866fe70ddede64070ea7b1dfcb974031428799220c503f4e86ef0e77c,"{""d"":13,""decodings"":1,""p"":0.01}",
       200,       100,         0,    9.84,pymatching_owd_d17_r1,0d3ea085ebc583cbbc830305962684cc513fdd6ae7d9e09580335dea702d898d,"{""d"":17,""decodings"":1,""p"":0.01}",
        15,         7,         0,    4.13,pymatching_owd_d13_r1,a45309e866fe70ddede64070ea7b1dfcb974031428799220c503f4e86ef0e77c,"{""d"":13,""decodings"":1,""p"":0.01}",
         1,         0,         0,    4.00,pymatching_owd_d13_r1,a45309e866fe70ddede64070ea7b1dfcb974031428799220c503f4e86ef0e77c,"{""d"":13,""decodings"":1,""p"":0.01}",
       200,        93,         0,    10.1,pymatching_owd_d17_r1,0d3ea085ebc583cbbc830305962684cc513fdd6ae7d9e09580335dea702d898d,"{""d"":17,""decodings"":1,""p"":0.01}",
       100,         6,         0,    1.83,pymatching_owd_d9_r2,fb0bfe90f537d77364762793472f9099dd11796437c6abb2f8800591728421a4,"{""d"":9,""decodings"":2,""p"":0.006}",
         1,         1,         0,    9.11,pymatching_owd_d17_r1,988eb69cce74bd725aa44787859d57f0f380a0cd7315ce5cc06aa3aef10e5624,"{""d"":17,""decodings"":1,""p"":0.008801117367933936}",
         3,         1,         0,    9.41,pymatching_owd_d17_r1,988eb69cce74bd725aa44787859d57f0f380a0cd7315ce5cc06aa3aef10e5624,"{""d"":17,""decodings"":1,""p"":0.008801117367933936}",
       200,        19,         0,    1.87,pymatching_owd_d9_r2,fb0bfe90f537d77364762793472f9099dd11796437c6abb2f8800591728421a4,"{""d"":9,""decodings"":2,""p"":0.006}",
       200,        11,         0,    1.73,pymatching_owd_d9_r2,fb0bfe90f537d77364762793472f9099dd11796437c6abb2f8800591728421a4,"{""d"":9,""decodings"":2,""p"":0.006}",
       100,         9,         0,    1.70,pymatching_owd_d9_r2,fb0bfe90f537d77364762793472f9099dd11796437c6abb2f8800591728421a4,"{""d"":9,""decodings"":2,""p"":0.006}",
       600,        43,         0,    2.09,pymatching_owd_d9_r2,fb0bfe90f537d77364762793472f9099dd11796437c6abb2f8800591728421a4,"{""d"":9,""decodings"":2,""p"":0.006}",
      1000,        58,         0,    2.26,pymatching_owd_d9_r2,fb0bfe90f537d77364762793472f9099dd11796437c6abb2f8800591728421a4,"{""d"":9,""decodings"":2,""p"":0.006}",
      1200,        81,         0,    2.43,pymatching_owd_d9_r2,fb0bfe90f537d77364762793472f9099dd11796437c6abb2f8800591728421a4,"{""d"":9,""decodings"":2,""p"":0.006}",
       100,         8,         0,    6.08,pymatching_owd_d13_r2,964083244439bda5c5d882b56f240c1c49b17106bc482fef2dcaf9f6fe887ad5,"{""d"":13,""decodings"":2,""p"":0.006}",
      2400,       160,         0,    3.42,pymatching_owd_d9_r2,fb0bfe90f537d77364762793472f9099dd11796437c6abb2f8800591728421a4,"{""d"":9,""decodings"":2,""p"":0.006}",
       286,        20,         0,    2.10,pymatching_owd_d9_r2,fb0bfe90f537d77364762793472f9099dd11796437c6abb2f8800591728421a4,"{""d"":9,""decodings"":2,""p"":0.006}",
       600,       263,         0,    12.1,pymatching_owd_d17_r1,0d3ea085ebc583cbbc830305962684cc513fdd6ae7d9e09580335dea702d898d,"{""d"":17,""decodings"":1,""p"":0.01}",
       444,       204,         0,    11.2,pymatching_owd_d17_r1,0d3ea085ebc583cbbc830305962684cc513fdd6ae7d9e09580335dea702d898d,"{""d"":17,""decodings"":1,""p"":0.01}",
      4400,       300,         0,    4.65,pymatching_owd_d9_r2,fb0bfe90f537d77364762793472f9099dd11796437c6abb2f8800591728421a4,"{""d"":9,""decodings"":2,""p"":0.006}",
        24,         2,         0,    1.78,pymatching_owd_d9_r2,fb0bfe90f537d77364762793472f9099dd11796437c6abb2f8800591728421a4,"{""d"":9,""decodings"":2,""p"":0.006}",
       100,         8,         0,    1.77,pymatching_owd_d9_r2,462e562fa03f2220b2b733b0ab59037197c845048da55df04a2bde9f7231416a,"{""d"":9,""decodings"":2,""p"":0.006817316198804999}",
       200,         7,         0,    6.40,pymatching_owd_d13_r2,964083244439bda5c5d882b56f240c1c49b17106bc482fef2dcaf9f6fe887ad5,"{""d"":13,""decodings"":2,""p"":0.006}",
       200,        24,         0,    1.83,pymatching_owd_d9_r2,462e562fa03f2220b2b733b0ab59037197c845048da55df04a2bde9f7231416a,"{""d"":9,""decodings"":2,""p"":0.006817316198804999}",
       200,        12,         0,    6.16,pymatching_owd_d13_r2,964083244439bda5c5d882b56f240c1c49b17106bc482fef2dcaf9f6fe887ad5,"{""d"":13,""decodings"":2,""p"":0.006}",
       100,         6,         0,    6.00,pymatching_owd_d13_r2,964083244439bda5c5d882b56f240c1c49b17106bc482fef2dcaf9f6fe887ad5,"{""d"":13,""decodings"":2,""p"":0.006}",
        25,         8,         0,    9.09,pymatching_owd_d17_r1,0d3ea085ebc583cbbc830305962684cc513fdd6ae7d9e09580335dea702d898d,"{""d"":17,""decodings"":1,""p"":0.01}",
       600,        60,         0,    2.20,pymatching_owd_d9_r2,462e562fa03f2220b2b733b0ab59037197c845048da55df04a2bde9f7231416a,"{""d"":9,""decodings"":2,""p"":0.006817316198804999}",
       600,        39,         0,    7.26,pymatching_owd_d13_r2,964083244439bda5c5d882b56f240c1c49b17106bc482fef2dcaf9f6fe887ad5,"{""d"":13,""decodings"":2,""p"":0.006}",
       600,        43,         0,    7.46,pymatching_owd_d13_r2,964083244439bda5c5d882b56f240c1c49b17106bc482fef2dcaf9f6fe887ad5,"{""d"":13,""decodings"":2,""p"":0.006}",
      1000,        45,         0,    8.16,pymatching_owd_d13_r2,964083244439bda5c5d882b56f240c1c49b17106bc482fef2dcaf9f6fe887ad5,"{""d"":13,""decodings"":2,""p"":0.006}",
       800,        38,         0,    7.48,pymatching_owd_d13_r2,964083244439bda5c5d882b56f240c1c49b17106bc482fef2dcaf9f6fe887ad5,"{""d"":13,""decodings"":2,""p"":0.006}",
      1800,       256,         0,    2.97,pymatching_owd_d9_r2,462e562fa03f2220b2b733b0ab59037197c845048da55df04a2bde9f7231416a,"{""d"":9,""decodings"":2,""p"":0.006817316198804999}",
       100,         3,         0,    14.3,pymatching_owd_d17_r2,2283fc405aa4df76acbb67aca0b7a20d2c3fc4d2f30e897d838d387c8eddf824,"{""d"":17,""decodings"":2,""p"":0.006}",
      2740,       333,         0,    3.38,pymatching_owd_d9_r2,462e562fa03f2220b2b733b0ab59037197c845048da55df04a2bde9f7231416a,"{""d"":9,""decodings"":2,""p"":0.006817316198804999}",
       491,        36,         0,    6.42,pymatching_owd_d13_r2,964083244439bda5c5d882b56f240c1c49b17106bc482fef2dcaf9f6fe887ad5,"{""d"":13,""decodings"":2,""p"":0.006}",
      2400,       142,         0,    10.2,pymatching_owd_d13_r2,964083244439bda5c5d882b56f240c1c49b17106bc482fef2dcaf9f6fe887ad5,"{""d"":13,""decodings"":2,""p"":0.006}",
       168,        18,         0,    1.66,pymatching_owd_d9_r2,462e562fa03f2220b2b733b0ab59037197c845048da55df04a2bde9f7231416a,"{""d"":9,""decodings"":2,""p"":0.006817316198804999}",
      2630,       140,         0,    10.4,pymatching_owd_d13_r2,964083244439bda5c5d882b56f240c1c49b17106bc482fef2dcaf9f6fe887ad5,"{""d"":13,""decodings"":2,""p"":0.006}",
      3600,       196,         0,    12.3,pymatching_owd_d13_r2,964083244439bda5c5d882b56f240c1c49b17106bc482fef2dcaf9f6fe887ad5,"{""d"":13,""decodings"":2,""p"":0.006}",
        25,         1,         0,    1.63,pymatching_owd_d9_r2,462e562fa03f2220b2b733b0ab59037197c845048da55df04a2bde9f7231416a,"{""d"":9,""decodings"":2,""p"":0.006817316198804999}",
       100,        26,         0,    1.85,pymatching_owd_d9_r2,5b7a463edf8c5db5a23d66c942e55a7296e43f97659793e0d4b8616d72d7c4d6,"{""d"":9,""decodings"":2,""p"":0.0077459666924148355}",
       200,        34,         0,    1.76,pymatching_owd_d9_r2,5b7a463edf8c5db5a23d66c942e55a7296e43f97659793e0d4b8616d72d7c4d6,"{""d"":9,""decodings"":2,""p"":0.0077459666924148355}",
       200,        13,         0,    13.9,pymatching_owd_d17_r2,2283fc405aa4df76acbb67aca0b7a20d2c3fc4d2f30e897d838d387c8eddf824,"{""d"":17,""decodings"":2,""p"":0.006}",
       100,         7,         0,    5.72,pymatching_owd_d13_r2,c822f6b7218c4a354f75ad245fd3378638423258a477a79d51c7022826293618,"{""d"":13,""decodings"":2,""p"":0.006817316198804999}",
       600,       107,         0,    2.04,pymatching_owd_d9_r2,5b7a463edf8c5db5a23d66c942e55a7296e43f97659793e0d4b8616d72d7c4d6,"{""d"":9,""decodings"":2,""p"":0.0077459666924148355}",
       200,         9,         0,    13.9,pymatching_owd_d17_r2,2283fc405aa4df76acbb67aca0b7a20d2c3fc4d2f30e897d838d387c8eddf824,"{""d"":17,""decodings"":2,""p"":0.006}",
       100,         9,         0,    13.4,pymatching_owd_d17_r2,2283fc405aa4df76acbb67aca0b7a20d2c3fc4d2f30e897d838d387c8eddf824,"{""d"":17,""decodings"":2,""p"":0.006}",
       200,        23,         0,    6.07,pymatching_owd_d13_r2,c822f6b7218c4a354f75ad245fd3378638423258a477a79d51c7022826293618,"{""d"":13,""decodings"":2,""p"":0.006817316198804999}",
       100,        13,         0,    14.0,pymatching_owd_d17_r2,e53b1c6dbb1810593abc99a44acbf35f15a240e10ec5a736c6e4959fa4b2e008,"{""d"":17,""decodings"":2,""p"":0.006817316198804999}",
       600,        77,         0,    7.50,pymatching_owd_d13_r2,c822f6b7218c4a354f75ad245fd3378638423258a477a79d51c7022826293618,"{""d"":13,""decodings"":2,""p"":0.006817316198804999}",
       600,        21,         0,    16.5,pymatching_owd_d17_r2,2283fc405aa4df76acbb67aca0b7a20d2c3fc4d2f30e897d838d387c8eddf824,"{""d"":17,""decodings"":2,""p"":0.006}",
       600,        83,         0,    7.71,pymatching_owd_d13_r2,c822f6b7218c4a354f75ad245fd3378638423258a477a79d51c7022826293618,"{""d"":13,""decodings"":2,""p"":0.006817316198804999}",
       600,        21,         0,    16.6,pymatching_owd_d17_r2,2283fc405aa4df76acbb67aca0b7a20d2c3fc4d2f30e897d838d387c8eddf824,"{""d"":17,""decodings"":2,""p"":0.006}",
      1000,        48,         0,    19.1,pymatching_owd_d17_r2,2283fc405aa4df76acbb67aca0b7a20d2c3fc4d2f30e897d838d387c8eddf824,"{""d"":17,""decodings"":2,""p"":0.006}",
       800,        27,         0,    18.0,pymatching_owd_d17_r2,2283fc405aa4df76acbb67aca0b7a20d2c3fc4d2f30e897d838d387c8eddf824,"{""d"":17,""decodings"":2,""p"":0.006}",
      1800,       227,         0,    10.1,pymatching_owd_d13_r2,c822f6b7218c4a354f75ad245fd3378638423258a477a79d51c7022826293618,"{""d"":13,""decodings"":2,""p"":0.006817316198804999}",
      1597,        72,         0,    23.2,pymatching_owd_d17_r2,2283fc405aa4df76acbb67aca0b7a20d2c3fc4d2f30e897d838d387c8eddf824,"{""d"":17,""decodings"":2,""p"":0.006}",
      2003,        99,         0,    25.0,pymatching_owd_d17_r2,2283fc405aa4df76acbb67aca0b7a20d2c3fc4d2f30e897d838d387c8eddf824,"{""d"":17,""decodings"":2,""p"":0.006}",
       457,        20,         0,    16.9,pymatching_owd_d17_r2,2283fc405aa4df76acbb67aca0b7a20d2c3fc4d2f30e897d838d387c8eddf824,"{""d"":17,""decodings"":2,""p"":0.006}",
      2439,       113,         0,    27.9,pymatching_owd_d17_r2,2283fc405aa4df76acbb67aca0b7a20d2c3fc4d2f30e897d838d387c8eddf824,"{""d"":17,""decodings"":2,""p"":0.006}",
      3120,       123,         0,    31.6,pymatching_owd_d17_r2,2283fc405aa4df76acbb67aca0b7a20d2c3fc4d2f30e897d838d387c8eddf824,"{""d"":17,""decodings"":2,""p"":0.006}",
      2251,       258,         0,    12.4,pymatching_owd_d13_r2,c822f6b7218c4a354f75ad245fd3378638423258a477a79d51c7022826293618,"{""d"":13,""decodings"":2,""p"":0.006817316198804999}",
      3438,       121,         0,    33.1,pymatching_owd_d17_r2,2283fc405aa4df76acbb67aca0b7a20d2c3fc4d2f30e897d838d387c8eddf824,"{""d"":17,""decodings"":2,""p"":0.006}",
      1800,       296,         0,    2.88,pymatching_owd_d9_r2,5b7a463edf8c5db5a23d66c942e55a7296e43f97659793e0d4b8616d72d7c4d6,"{""d"":9,""decodings"":2,""p"":0.0077459666924148355}",
       200,        21,         0,    15.4,pymatching_owd_d17_r2,e53b1c6dbb1810593abc99a44acbf35f15a240e10ec5a736c6e4959fa4b2e008,"{""d"":17,""decodings"":2,""p"":0.006817316198804999}",
       200,        21,         0,    15.5,pymatching_owd_d17_r2,e53b1c6dbb1810593abc99a44acbf35f15a240e10ec5a736c6e4959fa4b2e008,"{""d"":17,""decodings"":2,""p"":0.006817316198804999}",
      1392,       268,         0,    2.57,pymatching_owd_d9_r2,5b7a463edf8c5db5a23d66c942e55a7296e43f97659793e0d4b8616d72d7c4d6,"{""d"":9,""decodings"":2,""p"":0.0077459666924148355}",
       222,        31,         0,    6.03,pymatching_owd_d13_r2,c822f6b7218c4a354f75ad245fd3378638423258a477a79d51c7022826293618,"{""d"":13,""decodings"":2,""p"":0.006817316198804999}",
       100,        12,         0,    14.4,pymatching_owd_d17_r2,e53b1c6dbb1810593abc99a44acbf35f15a240e10ec5a736c6e4959fa4b2e008,"{""d"":17,""decodings"":2,""p"":0.006817316198804999}",
       100,        14,         0,    5.91,pymatching_owd_d13_r2,c359c87d4aae245259c246bf1a729941f3cf76aae5498b3709ea6e1dd29f2730,"{""d"":13,""decodings"":2,""p"":0.0077459666924148355}",
        72,         3,         0,    13.7,pymatching_owd_d17_r2,2283fc405aa4df76acbb67aca0b7a20d2c3fc4d2f30e897d838d387c8eddf824,"{""d"":17,""decodings"":2,""p"":0.006}",
       200,        49,         0,    6.58,pymatching_owd_d13_r2,c359c87d4aae245259c246bf1a729941f3cf76aae5498b3709ea6e1dd29f2730,"{""d"":13,""decodings"":2,""p"":0.0077459666924148355}",
       600,        57,         0,    17.2,pymatching_owd_d17_r2,e53b1c6dbb1810593abc99a44acbf35f15a240e10ec5a736c6e4959fa4b2e008,"{""d"":17,""decodings"":2,""p"":0.006817316198804999}",
       200,        35,         0,    6.45,pymatching_owd_d13_r2,c359c87d4aae245259c246bf1a729941f3cf76aae5498b3709ea6e1dd29f2730,"{""d"":13,""decodings"":2,""p"":0.0077459666924148355}",
       800,       104,         0,    18.4,pymatching_owd_d17_r2,e53b1c6dbb1810593abc99a44acbf35f15a240e10ec5a736c6e4959fa4b2e008,"{""d"":17,""decodings"":2,""p"":0.006817316198804999}",
       600,        67,         0,    17.1,pymatching_owd_d17_r2,e53b1c6dbb1810593abc99a44acbf35f15a240e10ec5a736c6e4959fa4b2e008,"{""d"":17,""decodings"":2,""p"":0.006817316198804999}",
      1000,       116,         0,    19.4,pymatching_owd_d17_r2,e53b1c6dbb1810593abc99a44acbf35f15a240e10ec5a736c6e4959fa4b2e008,"{""d"":17,""decodings"":2,""p"":0.006817316198804999}",
       600,       122,         0,    7.18,pymatching_owd_d13_r2,c359c87d4aae245259c246bf1a729941f3cf76aae5498b3709ea6e1dd29f2730,"{""d"":13,""decodings"":2,""p"":0.0077459666924148355}",
       900,       217,         0,    7.99,pymatching_owd_d13_r2,c359c87d4aae245259c246bf1a729941f3cf76aae5498b3709ea6e1dd29f2730,"{""d"":13,""decodings"":2,""p"":0.0077459666924148355}",
      1000,       201,         0,    8.26,pymatching_owd_d13_r2,c359c87d4aae245259c246bf1a729941f3cf76aae5498b3709ea6e1dd29f2730,"{""d"":13,""decodings"":2,""p"":0.0077459666924148355}",
       502,       108,         0,    7.09,pymatching_owd_d13_r2,c359c87d4aae245259c246bf1a729941f3cf76aae5498b3709ea6e1dd29f2730,"{""d"":13,""decodings"":2,""p"":0.0077459666924148355}",
       100,        30,         0,    1.98,pymatching_owd_d9_r2,90881a63608bb4daf9acbf057caa2da5feac60e28f5064f7a5a2ef51cdb35f02,"{""d"":9,""decodings"":2,""p"":0.008801117367933936}",
       200,        65,         0,    1.91,pymatching_owd_d9_r2,90881a63608bb4daf9acbf057caa2da5feac60e28f5064f7a5a2ef51cdb35f02,"{""d"":9,""decodings"":2,""p"":0.008801117367933936}",
       600,       159,         0,    2.52,pymatching_owd_d9_r2,90881a63608bb4daf9acbf057caa2da5feac60e28f5064f7a5a2ef51cdb35f02,"{""d"":9,""decodings"":2,""p"":0.008801117367933936}",
       100,        40,         0,    6.73,pymatching_owd_d13_r2,77651e6ff67b0c087d42c36ffab6645da9cf0e25bdda2d3dcc8addffac51c3a2,"{""d"":13,""decodings"":2,""p"":0.008801117367933936}",
       100,        16,         0,    14.7,pymatching_owd_d17_r2,56ac8bc74d03aaf7e388d81aed9a622c5bd5ee58fc9a5e16cf3c79632ffbd356,"{""d"":17,""decodings"":2,""p"":0.0077459666924148355}",
      1583,       422,         0,    3.11,pymatching_owd_d9_r2,90881a63608bb4daf9acbf057caa2da5feac60e28f5064f7a5a2ef51cdb35f02,"{""d"":9,""decodings"":2,""p"":0.008801117367933936}",
      1273,       148,         0,    21.1,pymatching_owd_d17_r2,e53b1c6dbb1810593abc99a44acbf35f15a240e10ec5a736c6e4959fa4b2e008,"{""d"":17,""decodings"":2,""p"":0.006817316198804999}",
       200,        71,         0,    6.02,pymatching_owd_d13_r2,77651e6ff67b0c087d42c36ffab6645da9cf0e25bdda2d3dcc8addffac51c3a2,"{""d"":13,""decodings"":2,""p"":0.008801117367933936}",
      1881,       211,         0,    24.4,pymatching_owd_d17_r2,e53b1c6dbb1810593abc99a44acbf35f15a240e10ec5a736c6e4959fa4b2e008,"{""d"":17,""decodings"":2,""p"":0.006817316198804999}",
        96,        31,         0,    1.69,pymatching_owd_d9_r2,90881a63608bb4daf9acbf057caa2da5feac60e28f5064f7a5a2ef51cdb35f02,"{""d"":9,""decodings"":2,""p"":0.008801117367933936}",
       100,        39,         0,    14.7,pymatching_owd_d17_r2,02c15bfc4b6b5f89968ad586b7953b2f9c880c8988261ee15ef1162a30a31c0f,"{""d"":17,""decodings"":2,""p"":0.008801117367933936}",
       600,       202,         0,    8.60,pymatching_owd_d13_r2,77651e6ff67b0c087d42c36ffab6645da9cf0e25bdda2d3dcc8addffac51c3a2,"{""d"":13,""decodings"":2,""p"":0.008801117367933936}",
       200,        53,         0,    15.7,pymatching_owd_d17_r2,56ac8bc74d03aaf7e388d81aed9a622c5bd5ee58fc9a5e16cf3c79632ffbd356,"{""d"":17,""decodings"":2,""p"":0.0077459666924148355}",
       600,       204,         0,    8.66,pymatching_owd_d13_r2,77651e6ff67b0c087d42c36ffab6645da9cf0e25bdda2d3dcc8addffac51c3a2,"{""d"":13,""decodings"":2,""p"":0.008801117367933936}",
       300,        92,         0,    7.96,pymatching_owd_d13_r2,77651e6ff67b0c087d42c36ffab6645da9cf0e25bdda2d3dcc8addffac51c3a2,"{""d"":13,""decodings"":2,""p"":0.008801117367933936}",
       200,        48,         0,    15.5,pymatching_owd_d17_r2,56ac8bc74d03aaf7e388d81aed9a622c5bd5ee58fc9a5e16cf3c79632ffbd356,"{""d"":17,""decodings"":2,""p"":0.0077459666924148355}",
       100,        20,         0,    14.8,pymatching_owd_d17_r2,56ac8bc74d03aaf7e388d81aed9a622c5bd5ee58fc9a5e16cf3c79632ffbd356,"{""d"":17,""decodings"":2,""p"":0.0077459666924148355}",
       217,        75,         0,    5.95,pymatching_owd_d13_r2,77651e6ff67b0c087d42c36ffab6645da9cf0e25bdda2d3dcc8addffac51c3a2,"{""d"":13,""decodings"":2,""p"":0.008801117367933936}",
        58,        22,         0,    5.64,pymatching_owd_d13_r2,77651e6ff67b0c087d42c36ffab6645da9cf0e25bdda2d3dcc8addffac51c3a2,"{""d"":13,""decodings"":2,""p"":0.008801117367933936}",
       600,       131,         0,    16.6,pymatching_owd_d17_r2,56ac8bc74d03aaf7e388d81aed9a622c5bd5ee58fc9a5e16cf3c79632ffbd356,"{""d"":17,""decodings"":2,""p"":0.0077459666924148355}",
       600,       143,         0,    16.8,pymatching_owd_d17_r2,56ac8bc74d03aaf7e388d81aed9a622c5bd5ee58fc9a5e16cf3c79632ffbd356,"{""d"":17,""decodings"":2,""p"":0.0077459666924148355}",
       261,        63,         0,    14.1,pymatching_owd_d17_r2,56ac8bc74d03aaf7e388d81aed9a622c5bd5ee58fc9a5e16cf3c79632ffbd356,"{""d"":17,""decodings"":2,""p"":0.0077459666924148355}",
       100,        37,         0,    1.75,pymatching_owd_d9_r2,bb8b072d9c21c677ca65fd3a0f5d57124d9b32de13aae2c64d61c37a45bd76cd,"{""d"":9,""decodings"":2,""p"":0.01}",
       200,        70,         0,    14.1,pymatching_owd_d17_r2,02c15bfc4b6b5f89968ad586b7953b2f9c880c8988261ee15ef1162a30a31c0f,"{""d"":17,""decodings"":2,""p"":0.008801117367933936}",
      1000,       234,         0,    19.0,pymatching_owd_d17_r2,56ac8bc74d03aaf7e388d81aed9a622c5bd5ee58fc9a5e16cf3c79632ffbd356,"{""d"":17,""decodings"":2,""p"":0.0077459666924148355}",
       200,        75,         0,    1.77,pymatching_owd_d9_r2,bb8b072d9c21c677ca65fd3a0f5d57124d9b32de13aae2c64d61c37a45bd76cd,"{""d"":9,""decodings"":2,""p"":0.01}",
       200,        88,         0,    14.4,pymatching_owd_d17_r2,02c15bfc4b6b5f89968ad586b7953b2f9c880c8988261ee15ef1162a30a31c0f,"{""d"":17,""decodings"":2,""p"":0.008801117367933936}",
       600,       201,         0,    2.13,pymatching_owd_d9_r2,bb8b072d9c21c677ca65fd3a0f5d57124d9b32de13aae2c64d61c37a45bd76cd,"{""d"":9,""decodings"":2,""p"":0.01}",
       600,       207,         0,    2.10,pymatching_owd_d9_r2,bb8b072d9c21c677ca65fd3a0f5d57124d9b32de13aae2c64d61c37a45bd76cd,"{""d"":9,""decodings"":2,""p"":0.01}",
         8,         1,         0,    1.72,pymatching_owd_d9_r2,bb8b072d9c21c677ca65fd3a0f5d57124d9b32de13aae2c64d61c37a45bd76cd,"{""d"":9,""decodings"":2,""p"":0.01}",
       517,       186,         0,    2.07,pymatching_owd_d9_r2,bb8b072d9c21c677ca65fd3a0f5d57124d9b32de13aae2c64d61c37a45bd76cd,"{""d"":9,""decodings"":2,""p"":0.01}",
         7,         4,         0,    1.80,pymatching_owd_d9_r2,bb8b072d9c21c677ca65fd3a0f5d57124d9b32de13aae2c64d61c37a45bd76cd,"{""d"":9,""decodings"":2,""p"":0.01}",
        77,        15,         0,    13.6,pymatching_owd_d17_r2,56ac8bc74d03aaf7e388d81aed9a622c5bd5ee58fc9a5e16cf3c79632ffbd356,"{""d"":17,""decodings"":2,""p"":0.0077459666924148355}",
       100,        43,         0,    13.5,pymatching_owd_d17_r2,02c15bfc4b6b5f89968ad586b7953b2f9c880c8988261ee15ef1162a30a31c0f,"{""d"":17,""decodings"":2,""p"":0.008801117367933936}",
       100,        43,         0,    5.83,pymatching_owd_d13_r2,cded127f8ae6bbfd1f2b4937b99d30f29032f88960a43a0e84877d627c5c6319,"{""d"":13,""decodings"":2,""p"":0.01}",
       100,         9,         0,    2.26,pymatching_owd_d9_r3,0b7d960a187d10dd1447b65b1cbbba1224882cbb3ea0e8d0a114649ecc09897c,"{""d"":9,""decodings"":3,""p"":0.006}",
       600,       231,         0,    17.8,pymatching_owd_d17_r2,02c15bfc4b6b5f89968ad586b7953b2f9c880c8988261ee15ef1162a30a31c0f,"{""d"":17,""decodings"":2,""p"":0.008801117367933936}",
       200,        97,         0,    6.89,pymatching_owd_d13_r2,cded127f8ae6bbfd1f2b4937b99d30f29032f88960a43a0e84877d627c5c6319,"{""d"":13,""decodings"":2,""p"":0.01}",
       600,       260,         0,    18.3,pymatching_owd_d17_r2,02c15bfc4b6b5f89968ad586b7953b2f9c880c8988261ee15ef1162a30a31c0f,"{""d"":17,""decodings"":2,""p"":0.008801117367933936}",
       200,        94,         0,    7.09,pymatching_owd_d13_r2,cded127f8ae6bbfd1f2b4937b99d30f29032f88960a43a0e84877d627c5c6319,"{""d"":13,""decodings"":2,""p"":0.01}",
       100,         6,         0,    8.71,pymatching_owd_d13_r3,45976a7036d8ff9e4c0d4446b42962b2c88694cde2d6e76f83d4d6ba28289e1d,"{""d"":13,""decodings"":3,""p"":0.006}",
       200,        21,         0,    2.48,pymatching_owd_d9_r3,0b7d960a187d10dd1447b65b1cbbba1224882cbb3ea0e8d0a114649ecc09897c,"{""d"":9,""decodings"":3,""p"":0.006}",
       200,        12,         0,    2.37,pymatching_owd_d9_r3,0b7d960a187d10dd1447b65b1cbbba1224882cbb3ea0e8d0a114649ecc09897c,"{""d"":9,""decodings"":3,""p"":0.006}",
       100,        49,         0,    15.2,pymatching_owd_d17_r2,e210caa0e207329693756c5c0662e1e05daa271560cd716f2610580c124c5b50,"{""d"":17,""decodings"":2,""p"":0.01}",
       100,        42,         0,    6.35,pymatching_owd_d13_r2,cded127f8ae6bbfd1f2b4937b99d30f29032f88960a43a0e84877d627c5c6319,"{""d"":13,""decodings"":2,""p"":0.01}",
       600,        58,         0,    2.88,pymatching_owd_d9_r3,0b7d960a187d10dd1447b65b1cbbba1224882cbb3ea0e8d0a114649ecc09897c,"{""d"":9,""decodings"":3,""p"":0.006}",
      1000,        87,         0,    3.38,pymatching_owd_d9_r3,0b7d960a187d10dd1447b65b1cbbba1224882cbb3ea0e8d0a114649ecc09897c,"{""d"":9,""decodings"":3,""p"":0.006}",
       300,       129,         0,    6.91,pymatching_owd_d13_r2,cded127f8ae6bbfd1f2b4937b99d30f29032f88960a43a0e84877d627c5c6319,"{""d"":13,""decodings"":2,""p"":0.01}",
       600,       264,         0,    8.07,pymatching_owd_d13_r2,cded127f8ae6bbfd1f2b4937b99d30f29032f88960a43a0e84877d627c5c6319,"{""d"":13,""decodings"":2,""p"":0.01}",
        25,        12,         0,    6.06,pymatching_owd_d13_r2,cded127f8ae6bbfd1f2b4937b99d30f29032f88960a43a0e84877d627c5c6319,"{""d"":13,""decodings"":2,""p"":0.01}",
        14,         7,         0,    6.10,pymatching_owd_d13_r2,cded127f8ae6bbfd1f2b4937b99d30f29032f88960a43a0e84877d627c5c6319,"{""d"":13,""decodings"":2,""p"":0.01}",
        35,        14,         0,    6.18,pymatching_owd_d13_r2,cded127f8ae6bbfd1f2b4937b99d30f29032f88960a43a0e84877d627c5c6319,"{""d"":13,""decodings"":2,""p"":0.01}",
      4200,       354,         0,    6.36,pymatching_owd_d9_r3,0b7d960a187d10dd1447b65b1cbbba1224882cbb3ea0e8d0a114649ecc09897c,"{""d"":9,""decodings"":3,""p"":0.006}",
      1556,       141,         0,    3.88,pymatching_owd_d9_r3,0b7d960a187d10dd1447b65b1cbbba1224882cbb3ea0e8d0a114649ecc09897c,"{""d"":9,""decodings"":3,""p"":0.006}",
       200,        93,         0,    16.5,pymatching_owd_d17_r2,e210caa0e207329693756c5c0662e1e05daa271560cd716f2610580c124c5b50,"{""d"":17,""decodings"":2,""p"":0.01}",
       316,        28,         0,    3.00,pymatching_owd_d9_r3,0b7d960a187d10dd1447b65b1cbbba1224882cbb3ea0e8d0a114649ecc09897c,"{""d"":9,""decodings"":3,""p"":0.006}",
       100,        55,         0,    16.1,pymatching_owd_d17_r2,e210caa0e207329693756c5c0662e1e05daa271560cd716f2610580c124c5b50,"{""d"":17,""decodings"":2,""p"":0.01}",
       200,        21,         0,    9.70,pymatching_owd_d13_r3,45976a7036d8ff9e4c0d4446b42962b2c88694cde2d6e76f83d4d6ba28289e1d,"{""d"":13,""decodings"":3,""p"":0.006}",
       200,        95,         0,    17.6,pymatching_owd_d17_r2,e210caa0e207329693756c5c0662e1e05daa271560cd716f2610580c124c5b50,"{""d"":17,""decodings"":2,""p"":0.01}",
       200,        18,         0,    9.60,pymatching_owd_d13_r3,45976a7036d8ff9e4c0d4446b42962b2c88694cde2d6e76f83d4d6ba28289e1d,"{""d"":13,""decodings"":3,""p"":0.006}",
       100,         7,         0,    8.41,pymatching_owd_d13_r3,45976a7036d8ff9e4c0d4446b42962b2c88694cde2d6e76f83d4d6ba28289e1d,"{""d"":13,""decodings"":3,""p"":0.006}",
       600,        32,         0,    10.3,pymatching_owd_d13_r3,45976a7036d8ff9e4c0d4446b42962b2c88694cde2d6e76f83d4d6ba28289e1d,"{""d"":13,""decodings"":3,""p"":0.006}",
       600,        42,         0,    10.2,pymatching_owd_d13_r3,45976a7036d8ff9e4c0d4446b42962b2c88694cde2d6e76f83d4d6ba28289e1d,"{""d"":13,""decodings"":3,""p"":0.006}",
       279,       137,         0,    18.9,pymatching_owd_d17_r2,e210caa0e207329693756c5c0662e1e05daa271560cd716f2610580c124c5b50,"{""d"":17,""decodings"":2,""p"":0.01}",
      1000,        73,         0,    12.5,pymatching_owd_d13_r3,45976a7036d8ff9e4c0d4446b42962b2c88694cde2d6e76f83d4d6ba28289e1d,"{""d"":13,""decodings"":3,""p"":0.006}",
       600,       310,         0,    22.4,pymatching_owd_d17_r2,e210caa0e207329693756c5c0662e1e05daa271560cd716f2610580c124c5b50,"{""d"":17,""decodings"":2,""p"":0.01}",
       800,        55,         0,    12.1,pymatching_owd_d13_r3,45976a7036d8ff9e4c0d4446b42962b2c88694cde2d6e76f83d4d6ba28289e1d,"{""d"":13,""decodings"":3,""p"":0.006}",
       100,        16,         0,    2.59,pymatching_owd_d9_r3,27428464c3d78297cf0886338b73d07db4b0137569b051f2b23a3a7ff1779b98,"{""d"":9,""decodings"":3,""p"":0.006817316198804999}",
       200,        40,         0,    2.55,pymatching_owd_d9_r3,27428464c3d78297cf0886338b73d07db4b0137569b051f2b23a3a7ff1779b98,"{""d"":9,""decodings"":3,""p"":0.006817316198804999}",
       369,        14,         0,    9.15,pymatching_owd_d13_r3,45976a7036d8ff9e4c0d4446b42962b2c88694cde2d6e76f83d4d6ba28289e1d,"{""d"":13,""decodings"":3,""p"":0.006}",
      2400,       165,         0,    16.4,pymatching_owd_d13_r3,45976a7036d8ff9e4c0d4446b42962b2c88694cde2d6e76f83d4d6ba28289e1d,"{""d"":13,""decodings"":3,""p"":0.006}",
       600,        95,         0,    2.88,pymatching_owd_d9_r3,27428464c3d78297cf0886338b73d07db4b0137569b051f2b23a3a7ff1779b98,"{""d"":9,""decodings"":3,""p"":0.006817316198804999}",
       100,        15,         0,    8.19,pymatching_owd_d13_r3,87f3ea94150b4e51d829daa60ec9ea0bb924855f401f286f8b7aed750c0eb995,"{""d"":13,""decodings"":3,""p"":0.006817316198804999}",
       600,        88,         0,    3.07,pymatching_owd_d9_r3,27428464c3d78297cf0886338b73d07db4b0137569b051f2b23a3a7ff1779b98,"{""d"":9,""decodings"":3,""p"":0.006817316198804999}",
      3600,       264,         0,    20.1,pymatching_owd_d13_r3,45976a7036d8ff9e4c0d4446b42962b2c88694cde2d6e76f83d4d6ba28289e1d,"{""d"":13,""decodings"":3,""p"":0.006}",
      1800,       290,         0,    4.59,pymatching_owd_d9_r3,27428464c3d78297cf0886338b73d07db4b0137569b051f2b23a3a7ff1779b98,"{""d"":9,""decodings"":3,""p"":0.006817316198804999}",
       867,       124,         0,    3.54,pymatching_owd_d9_r3,27428464c3d78297cf0886338b73d07db4b0137569b051f2b23a3a7ff1779b98,"{""d"":9,""decodings"":3,""p"":0.006817316198804999}",
       229,        36,         0,    2.69,pymatching_owd_d9_r3,27428464c3d78297cf0886338b73d07db4b0137569b051f2b23a3a7ff1779b98,"{""d"":9,""decodings"":3,""p"":0.006817316198804999}",
       406,        22,         0,    9.21,pymatching_owd_d13_r3,45976a7036d8ff9e4c0d4446b42962b2c88694cde2d6e76f83d4d6ba28289e1d,"{""d"":13,""decodings"":3,""p"":0.006}",
        84,        13,         0,    2.46,pymatching_owd_d9_r3,27428464c3d78297cf0886338b73d07db4b0137569b051f2b23a3a7ff1779b98,"{""d"":9,""decodings"":3,""p"":0.006817316198804999}",
       100,         8,         0,    20.0,pymatching_owd_d17_r3,129ce8bb8f6c4738305c2da2d1a32a3fd87c953e98d248a522173b04ab3f6283,"{""d"":17,""decodings"":3,""p"":0.006}",
       100,        18,         0,    2.75,pymatching_owd_d9_r3,288b4307569f35128582e48721a10daae3d778a38548cbd73ab06d42cefd1176,"{""d"":9,""decodings"":3,""p"":0.0077459666924148355}",
       200,        24,         0,    9.19,pymatching_owd_d13_r3,87f3ea94150b4e51d829daa60ec9ea0bb924855f401f286f8b7aed750c0eb995,"{""d"":13,""decodings"":3,""p"":0.006817316198804999}",
       200,        34,         0,    9.37,pymatching_owd_d13_r3,87f3ea94150b4e51d829daa60ec9ea0bb924855f401f286f8b7aed750c0eb995,"{""d"":13,""decodings"":3,""p"":0.006817316198804999}",
       100,        13,         0,    8.92,pymatching_owd_d13_r3,87f3ea94150b4e51d829daa60ec9ea0bb924855f401f286f8b7aed750c0eb995,"{""d"":13,""decodings"":3,""p"":0.006817316198804999}",
      1000,       149,         0,    13.6,pymatching_owd_d13_r3,87f3ea94150b4e51d829daa60ec9ea0bb924855f401f286f8b7aed750c0eb995,"{""d"":13,""decodings"":3,""p"":0.006817316198804999}",
      1200,       195,         0,    14.3,pymatching_owd_d13_r3,87f3ea94150b4e51d829daa60ec9ea0bb924855f401f286f8b7aed750c0eb995,"{""d"":13,""decodings"":3,""p"":0.006817316198804999}",
       100,        19,         0,    21.9,pymatching_owd_d17_r3,6536f7439c50185f6315f7eec373197d9f3762f96df3a608dc4a617c0de26693,"{""d"":17,""decodings"":3,""p"":0.006817316198804999}",
       200,        53,         0,    2.67,pymatching_owd_d9_r3,288b4307569f35128582e48721a10daae3d778a38548cbd73ab06d42cefd1176,"{""d"":9,""decodings"":3,""p"":0.0077459666924148355}",
       200,        13,         0,    22.1,pymatching_owd_d17_r3,129ce8bb8f6c4738305c2da2d1a32a3fd87c953e98d248a522173b04ab3f6283,"{""d"":17,""decodings"":3,""p"":0.006}",
       200,         9,         0,    22.5,pymatching_owd_d17_r3,129ce8bb8f6c4738305c2da2d1a32a3fd87c953e98d248a522173b04ab3f6283,"{""d"":17,""decodings"":3,""p"":0.006}",
       100,         2,         0,    21.3,pymatching_owd_d17_r3,129ce8bb8f6c4738305c2da2d1a32a3fd87c953e98d248a522173b04ab3f6283,"{""d"":17,""decodings"":3,""p"":0.006}",
      1969,       281,         0,    15.7,pymatching_owd_d13_r3,87f3ea94150b4e51d829daa60ec9ea0bb924855f401f286f8b7aed750c0eb995,"{""d"":13,""decodings"":3,""p"":0.006817316198804999}",
       200,        32,         0,    21.7,pymatching_owd_d17_r3,6536f7439c50185f6315f7eec373197d9f3762f96df3a608dc4a617c0de26693,"{""d"":17,""decodings"":3,""p"":0.006817316198804999}",
       200,        32,         0,    21.8,pymatching_owd_d17_r3,6536f7439c50185f6315f7eec373197d9f3762f96df3a608dc4a617c0de26693,"{""d"":17,""decodings"":3,""p"":0.006817316198804999}",
       600,        26,         0,    24.7,pymatching_owd_d17_r3,129ce8bb8f6c4738305c2da2d1a32a3fd87c953e98d248a522173b04ab3f6283,"{""d"":17,""decodings"":3,""p"":0.006}",
       928,        58,         0,    27.4,pymatching_owd_d17_r3,129ce8bb8f6c4738305c2da2d1a32a3fd87c953e98d248a522173b04ab3f6283,"{""d"":17,""decodings"":3,""p"":0.006}",
       838,        44,         0,    27.0,pymatching_owd_d17_r3,129ce8bb8f6c4738305c2da2d1a32a3fd87c953e98d248a522173b04ab3f6283,"{""d"":17,""decodings"":3,""p"":0.006}",
       634,        32,         0,    25.8,pymatching_owd_d17_r3,129ce8bb8f6c4738305c2da2d1a32a3fd87c953e98d248a522173b04ab3f6283,"{""d"":17,""decodings"":3,""p"":0.006}",
       600,        92,         0,    25.2,pymatching_owd_d17_r3,6536f7439c50185f6315f7eec373197d9f3762f96df3a608dc4a617c0de26693,"{""d"":17,""decodings"":3,""p"":0.006817316198804999}",
       917,       129,         0,    28.7,pymatching_owd_d17_r3,6536f7439c50185f6315f7eec373197d9f3762f96df3a608dc4a617c0de26693,"{""d"":17,""decodings"":3,""p"":0.006817316198804999}",
      1302,        69,         0,    30.7,pymatching_owd_d17_r3,129ce8bb8f6c4738305c2da2d1a32a3fd87c953e98d248a522173b04ab3f6283,"{""d"":17,""decodings"":3,""p"":0.006}",
      1851,       104,         0,    35.3,pymatching_owd_d17_r3,129ce8bb8f6c4738305c2da2d1a32a3fd87c953e98d248a522173b04ab3f6283,"{""d"":17,""decodings"":3,""p"":0.006}",
      2158,       114,         0,    37.4,pymatching_owd_d17_r3,129ce8bb8f6c4738305c2da2d1a32a3fd87c953e98d248a522173b04ab3f6283,"{""d"":17,""decodings"":3,""p"":0.006}",
       600,       132,         0,    2.80,pymatching_owd_d9_r3,288b4307569f35128582e48721a10daae3d778a38548cbd73ab06d42cefd1176,"{""d"":9,""decodings"":3,""p"":0.0077459666924148355}",
      1800,       384,         0,    4.28,pymatching_owd_d9_r3,288b4307569f35128582e48721a10daae3d778a38548cbd73ab06d42cefd1176,"{""d"":9,""decodings"":3,""p"":0.0077459666924148355}",
        39,         4,         0,    18.7,pymatching_owd_d17_r3,129ce8bb8f6c4738305c2da2d1a32a3fd87c953e98d248a522173b04ab3f6283,"{""d"":17,""decodings"":3,""p"":0.006}",
      2265,       130,         0,    36.8,pymatching_owd_d17_r3,129ce8bb8f6c4738305c2da2d1a32a3fd87c953e98d248a522173b04ab3f6283,"{""d"":17,""decodings"":3,""p"":0.006}",
       529,       113,         0,    2.83,pymatching_owd_d9_r3,288b4307569f35128582e48721a10daae3d778a38548cbd73ab06d42cefd1176,"{""d"":9,""decodings"":3,""p"":0.0077459666924148355}",
      1940,       108,         0,    33.7,pymatching_owd_d17_r3,129ce8bb8f6c4738305c2da2d1a32a3fd87c953e98d248a522173b04ab3f6283,"{""d"":17,""decodings"":3,""p"":0.006}",
       100,        30,         0,    2.50,pymatching_owd_d9_r3,bb3c5a4b7ebc219eb5c6facb7ea5a5a9a01966f7cebc745856e9228359b051aa,"{""d"":9,""decodings"":3,""p"":0.008801117367933936}",
       200,        55,         0,    2.56,pymatching_owd_d9_r3,bb3c5a4b7ebc219eb5c6facb7ea5a5a9a01966f7cebc745856e9228359b051aa,"{""d"":9,""decodings"":3,""p"":0.008801117367933936}",
       100,        31,         0,    7.90,pymatching_owd_d13_r3,f4718acfd561892417d4f5e8f3dee09d34a60ecec787bf33922fbb848de7d744,"{""d"":13,""decodings"":3,""p"":0.0077459666924148355}",
       600,       193,         0,    2.94,pymatching_owd_d9_r3,bb3c5a4b7ebc219eb5c6facb7ea5a5a9a01966f7cebc745856e9228359b051aa,"{""d"":9,""decodings"":3,""p"":0.008801117367933936}",
       100,        38,         0,    7.90,pymatching_owd_d13_r3,15911063aec7193cf43109c19322c60aa679aa99eab8c754afbdeacc822dcd33,"{""d"":13,""decodings"":3,""p"":0.008801117367933936}",
      2028,       281,         0,    36.6,pymatching_owd_d17_r3,6536f7439c50185f6315f7eec373197d9f3762f96df3a608dc4a617c0de26693,"{""d"":17,""decodings"":3,""p"":0.006817316198804999}",
       606,        76,         0,    23.5,pymatching_owd_d17_r3,6536f7439c50185f6315f7eec373197d9f3762f96df3a608dc4a617c0de26693,"{""d"":17,""decodings"":3,""p"":0.006817316198804999}",
       200,        57,         0,    8.45,pymatching_owd_d13_r3,f4718acfd561892417d4f5e8f3dee09d34a60ecec787bf33922fbb848de7d744,"{""d"":13,""decodings"":3,""p"":0.0077459666924148355}",
       200,        64,         0,    8.37,pymatching_owd_d13_r3,f4718acfd561892417d4f5e8f3dee09d34a60ecec787bf33922fbb848de7d744,"{""d"":13,""decodings"":3,""p"":0.0077459666924148355}",
       100,        24,         0,    19.2,pymatching_owd_d17_r3,5e61680f3b5b5a2340ca44184eaefcde401808afa0c1fb0feeb419cc679e3841,"{""d"":17,""decodings"":3,""p"":0.0077459666924148355}",
       100,        27,         0,    8.11,pymatching_owd_d13_r3,f4718acfd561892417d4f5e8f3dee09d34a60ecec787bf33922fbb848de7d744,"{""d"":13,""decodings"":3,""p"":0.0077459666924148355}",
       600,       157,         0,    9.75,pymatching_owd_d13_r3,f4718acfd561892417d4f5e8f3dee09d34a60ecec787bf33922fbb848de7d744,"{""d"":13,""decodings"":3,""p"":0.0077459666924148355}",
       101,        26,         0,    7.77,pymatching_owd_d13_r3,f4718acfd561892417d4f5e8f3dee09d34a60ecec787bf33922fbb848de7d744,"{""d"":13,""decodings"":3,""p"":0.0077459666924148355}",
        46,        10,         0,    7.49,pymatching_owd_d13_r3,f4718acfd561892417d4f5e8f3dee09d34a60ecec787bf33922fbb848de7d744,"{""d"":13,""decodings"":3,""p"":0.0077459666924148355}",
      1000,       282,         0,    11.1,pymatching_owd_d13_r3,f4718acfd561892417d4f5e8f3dee09d34a60ecec787bf33922fbb848de7d744,"{""d"":13,""decodings"":3,""p"":0.0077459666924148355}",
        87,        12,         0,    18.2,pymatching_owd_d17_r3,6536f7439c50185f6315f7eec373197d9f3762f96df3a608dc4a617c0de26693,"{""d"":17,""decodings"":3,""p"":0.006817316198804999}",
       202,        26,         0,    19.3,pymatching_owd_d17_r3,6536f7439c50185f6315f7eec373197d9f3762f96df3a608dc4a617c0de26693,"{""d"":17,""decodings"":3,""p"":0.006817316198804999}",
       158,        47,         0,    7.78,pymatching_owd_d13_r3,f4718acfd561892417d4f5e8f3dee09d34a60ecec787bf33922fbb848de7d744,"{""d"":13,""decodings"":3,""p"":0.0077459666924148355}",
        16,         5,         0,    7.39,pymatching_owd_d13_r3,f4718acfd561892417d4f5e8f3dee09d34a60ecec787bf33922fbb848de7d744,"{""d"":13,""decodings"":3,""p"":0.0077459666924148355}",
        19,         3,         0,    7.24,pymatching_owd_d13_r3,f4718acfd561892417d4f5e8f3dee09d34a60ecec787bf33922fbb848de7d744,"{""d"":13,""decodings"":3,""p"":0.0077459666924148355}",
      1370,       448,         0,    3.95,pymatching_owd_d9_r3,bb3c5a4b7ebc219eb5c6facb7ea5a5a9a01966f7cebc745856e9228359b051aa,"{""d"":9,""decodings"":3,""p"":0.008801117367933936}",
       200,        64,         0,    8.37,pymatching_owd_d13_r3,15911063aec7193cf43109c19322c60aa679aa99eab8c754afbdeacc822dcd33,"{""d"":13,""decodings"":3,""p"":0.008801117367933936}",
         2,         0,         0,    17.4,pymatching_owd_d17_r3,6536f7439c50185f6315f7eec373197d9f3762f96df3a608dc4a617c0de26693,"{""d"":17,""decodings"":3,""p"":0.006817316198804999}",
        20,         3,         0,    17.4,pymatching_owd_d17_r3,6536f7439c50185f6315f7eec373197d9f3762f96df3a608dc4a617c0de26693,"{""d"":17,""decodings"":3,""p"":0.006817316198804999}",
       200,        67,         0,    19.1,pymatching_owd_d17_r3,5e61680f3b5b5a2340ca44184eaefcde401808afa0c1fb0feeb419cc679e3841,"{""d"":17,""decodings"":3,""p"":0.0077459666924148355}",
       100,        22,         0,    18.7,pymatching_owd_d17_r3,5e61680f3b5b5a2340ca44184eaefcde401808afa0c1fb0feeb419cc679e3841,"{""d"":17,""decodings"":3,""p"":0.0077459666924148355}",
       200,        60,         0,    19.6,pymatching_owd_d17_r3,5e61680f3b5b5a2340ca44184eaefcde401808afa0c1fb0feeb419cc679e3841,"{""d"":17,""decodings"":3,""p"":0.0077459666924148355}",
       600,       234,         0,    10.2,pymatching_owd_d13_r3,15911063aec7193cf43109c19322c60aa679aa99eab8c754afbdeacc822dcd33,"{""d"":13,""decodings"":3,""p"":0.008801117367933936}",
       600,       231,         0,    10.2,pymatching_owd_d13_r3,15911063aec7193cf43109c19322c60aa679aa99eab8c754afbdeacc822dcd33,"{""d"":13,""decodings"":3,""p"":0.008801117367933936}",
         2,         0,         0,    18.4,pymatching_owd_d17_r3,6536f7439c50185f6315f7eec373197d9f3762f96df3a608dc4a617c0de26693,"{""d"":17,""decodings"":3,""p"":0.006817316198804999}",
       379,       154,         0,    9.94,pymatching_owd_d13_r3,15911063aec7193cf43109c19322c60aa679aa99eab8c754afbdeacc822dcd33,"{""d"":13,""decodings"":3,""p"":0.008801117367933936}",
       100,        40,         0,    2.46,pymatching_owd_d9_r3,a1af8ac9553d7d38b307f147dbef48b3af86b302272afe86e7ede9bc895d5e88,"{""d"":9,""decodings"":3,""p"":0.01}",
       200,        89,         0,    2.42,pymatching_owd_d9_r3,a1af8ac9553d7d38b307f147dbef48b3af86b302272afe86e7ede9bc895d5e88,"{""d"":9,""decodings"":3,""p"":0.01}",
       600,       187,         0,    24.9,pymatching_owd_d17_r3,5e61680f3b5b5a2340ca44184eaefcde401808afa0c1fb0feeb419cc679e3841,"{""d"":17,""decodings"":3,""p"":0.0077459666924148355}",
       600,       250,         0,    3.15,pymatching_owd_d9_r3,a1af8ac9553d7d38b307f147dbef48b3af86b302272afe86e7ede9bc895d5e88,"{""d"":9,""decodings"":3,""p"":0.01}",
       428,       145,         0,    22.6,pymatching_owd_d17_r3,5e61680f3b5b5a2340ca44184eaefcde401808afa0c1fb0feeb419cc679e3841,"{""d"":17,""decodings"":3,""p"":0.0077459666924148355}",
       100,        47,         0,    8.26,pymatching_owd_d13_r3,b3f9e8d05c5006d4b270dbd9b081d586defb0f72783bf15d3b08cc47a745e359,"{""d"":13,""decodings"":3,""p"":0.01}",
       600,       246,         0,    2.89,pymatching_owd_d9_r3,a1af8ac9553d7d38b307f147dbef48b3af86b302272afe86e7ede9bc895d5e88,"{""d"":9,""decodings"":3,""p"":0.01}",
       166,        69,         0,    2.39,pymatching_owd_d9_r3,a1af8ac9553d7d38b307f147dbef48b3af86b302272afe86e7ede9bc895d5e88,"{""d"":9,""decodings"":3,""p"":0.01}",
        19,         8,         0,    2.21,pymatching_owd_d9_r3,a1af8ac9553d7d38b307f147dbef48b3af86b302272afe86e7ede9bc895d5e88,"{""d"":9,""decodings"":3,""p"":0.01}",
       100,        46,         0,    20.0,pymatching_owd_d17_r3,48464e414ece0f48883e7249c991662880c06932274aae4e2bca62bee9043c23,"{""d"":17,""decodings"":3,""p"":0.008801117367933936}",
         1,         1,         0,    2.25,pymatching_owd_d9_r3,a1af8ac9553d7d38b307f147dbef48b3af86b302272afe86e7ede9bc895d5e88,"{""d"":9,""decodings"":3,""p"":0.01}",
       800,       233,         0,    27.0,pymatching_owd_d17_r3,5e61680f3b5b5a2340ca44184eaefcde401808afa0c1fb0feeb419cc679e3841,"{""d"":17,""decodings"":3,""p"":0.0077459666924148355}",
       200,       100,         0,    8.22,pymatching_owd_d13_r3,b3f9e8d05c5006d4b270dbd9b081d586defb0f72783bf15d3b08cc47a745e359,"{""d"":13,""decodings"":3,""p"":0.01}",
       200,        92,         0,    8.41,pymatching_owd_d13_r3,b3f9e8d05c5006d4b270dbd9b081d586defb0f72783bf15d3b08cc47a745e359,"{""d"":13,""decodings"":3,""p"":0.01}",
       100,        47,         0,    7.69,pymatching_owd_d13_r3,b3f9e8d05c5006d4b270dbd9b081d586defb0f72783bf15d3b08cc47a745e359,"{""d"":13,""decodings"":3,""p"":0.01}",
       267,       138,         0,    8.62,pymatching_owd_d13_r3,b3f9e8d05c5006d4b270dbd9b081d586defb0f72783bf15d3b08cc47a745e359,"{""d"":13,""decodings"":3,""p"":0.01}",
         5,         4,         0,    7.37,pymatching_owd_d13_r3,b3f9e8d05c5006d4b270dbd9b081d586defb0f72783bf15d3b08cc47a745e359,"{""d"":13,""decodings"":3,""p"":0.01}",
       600,       279,         0,    10.2,pymatching_owd_d13_r3,b3f9e8d05c5006d4b270dbd9b081d586defb0f72783bf15d3b08cc47a745e359,"{""d"":13,""decodings"":3,""p"":0.01}",
       200,        84,         0,    19.0,pymatching_owd_d17_r3,48464e414ece0f48883e7249c991662880c06932274aae4e2bca62bee9043c23,"{""d"":17,""decodings"":3,""p"":0.008801117367933936}",
       100,        55,         0,    18.3,pymatching_owd_d17_r3,48464e414ece0f48883e7249c991662880c06932274aae4e2bca62bee9043c23,"{""d"":17,""decodings"":3,""p"":0.008801117367933936}",
       200,        94,         0,    19.3,pymatching_owd_d17_r3,48464e414ece0f48883e7249c991662880c06932274aae4e2bca62bee9043c23,"{""d"":17,""decodings"":3,""p"":0.008801117367933936}",
       100,        46,         0,    17.2,pymatching_owd_d17_r3,0293491cb34b50e2c2b70fe1d01e21517e30197b586c7150efc8d68d52e55652,"{""d"":17,""decodings"":3,""p"":0.01}",
       415,       189,         0,    20.7,pymatching_owd_d17_r3,48464e414ece0f48883e7249c991662880c06932274aae4e2bca62bee9043c23,"{""d"":17,""decodings"":3,""p"":0.008801117367933936}",
       600,       267,         0,    22.6,pymatching_owd_d17_r3,48464e414ece0f48883e7249c991662880c06932274aae4e2bca62bee9043c23,"{""d"":17,""decodings"":3,""p"":0.008801117367933936}",
       100,        45,         0,    17.2,pymatching_owd_d17_r3,0293491cb34b50e2c2b70fe1d01e21517e30197b586c7150efc8d68d52e55652,"{""d"":17,""decodings"":3,""p"":0.01}",
       200,       100,         0,    18.9,pymatching_owd_d17_r3,0293491cb34b50e2c2b70fe1d01e21517e30197b586c7150efc8d68d52e55652,"{""d"":17,""decodings"":3,""p"":0.01}",
       200,        94,         0,    19.0,pymatching_owd_d17_r3,0293491cb34b50e2c2b70fe1d01e21517e30197b586c7150efc8d68d52e55652,"{""d"":17,""decodings"":3,""p"":0.01}",
         9,         4,         0,    16.5,pymatching_owd_d17_r3,0293491cb34b50e2c2b70fe1d01e21517e30197b586c7150efc8d68d52e55652,"{""d"":17,""decodings"":3,""p"":0.01}",
       200,        85,         0,    18.9,pymatching_owd_d17_r3,0293491cb34b50e2c2b70fe1d01e21517e30197b586c7150efc8d68d52e55652,"{""d"":17,""decodings"":3,""p"":0.01}",
       400,       196,         0,    21.4,pymatching_owd_d17_r3,0293491cb34b50e2c2b70fe1d01e21517e30197b586c7150efc8d68d52e55652,"{""d"":17,""decodings"":3,""p"":0.01}",
       268,       148,         0,    20.0,pymatching_owd_d17_r3,0293491cb34b50e2c2b70fe1d01e21517e30197b586c7150efc8d68d52e55652,"{""d"":17,""decodings"":3,""p"":0.01}",
         1,         0,         0,    16.2,pymatching_owd_d17_r3,0293491cb34b50e2c2b70fe1d01e21517e30197b586c7150efc8d68d52e55652,"{""d"":17,""decodings"":3,""p"":0.01}",
        40,        26,         0,    16.3,pymatching_owd_d17_r3,0293491cb34b50e2c2b70fe1d01e21517e30197b586c7150efc8d68d52e55652,"{""d"":17,""decodings"":3,""p"":0.01}",
